{
  "train_loss": [
    0.7197307313189787,
    0.6875825020718702,
    0.6661771025887148,
    0.6515779237058711,
    0.6417061775763404,
    0.6339883087153103,
    0.6290572910385336,
    0.6250186129049822,
    0.6209400433270051,
    0.618864162720461,
    0.6160834281839789,
    0.6140084075417748,
    0.6122598061587083,
    0.6096926930753942,
    0.6098495683568047,
    0.6085930912889899,
    0.6067584090054354
  ],
  "val_loss": [
    0.6743315103206229,
    0.6682985919587155,
    0.6649140855099293,
    0.660144179425341,
    0.6578994520167087,
    0.6564379372495286,
    0.6562810933336298,
    0.657906284991731,
    0.6564190654044456,
    0.6567713643642182,
    0.6575025434189654,
    0.6579845813994712,
    0.6582752225246835,
    0.6586990736900492,
    0.65971887492119,
    0.659183569411014,
    0.6598039992312168
  ],
  "train_accuracy": [
    0.0,
    0.0,
    0.0,
    0.0,
    0.0,
    0.0,
    0.0,
    0.0,
    0.0,
    0.0,
    0.0,
    0.0,
    0.0,
    0.0,
    0.0,
    0.0,
    0.0
  ],
  "val_accuracy": [
    0.6910678307588985,
    0.7004701141705842,
    0.6924110141034251,
    0.6897246474143721,
    0.687038280725319,
    0.6816655473472129,
    0.6722632639355272,
    0.6843519140362659,
    0.6789791806581599,
    0.6769644056413701,
    0.6695768972464742,
    0.661517797179315,
    0.6648757555406313,
    0.664204163868368,
    0.648757555406313,
    0.6648757555406313,
    0.6635325721961047
  ],
  "epochs": [
    1,
    2,
    3,
    4,
    5,
    6,
    7,
    8,
    9,
    10,
    11,
    12,
    13,
    14,
    15,
    16,
    17
  ]
}